<?xml version="1.0" encoding="UTF-8" standalone="yes"?>
<addon id="script.neptune.metadata" version="1.0.5" name="Neptune Rising Metadata" provider-name="MrBlamo">
	<requires>
		<import addon="xbmc.python" version="2.19.0"/>
	</requires>
	<extension point="xbmc.python.module" library="lib" />
	<extension point="xbmc.addon.metadata">
		<summary>Metadata for the Neptune Rising Addon</summary>
		<description>Metadata for Neptune Rising are maintained separately to make distribution of the the addon itself easier/faster.</description>
		<platform>all</platform>
		<reuselanguageinvoker>false</reuselanguageinvoker>
	</extension>
</addon>
